Job Title,Company,Location,Level,Remote,Link
(Junior) Data Engineer - Data Platform (m/f/d),1Komma5,Berlin,Junior,,https://www.arbeitnow.com/jobs/companies/1komma50/junior-data-engineer-data-platform-berlin-266979
Data Engineer,All Your BI,Berlin,Mid/Junior,,https://www.arbeitnow.com/jobs/companies/all-your-bi/data-engineer-berlin-468631
Senior Data Engineer,All Your BI,Berlin,Senior,,https://www.arbeitnow.com/jobs/companies/all-your-bi/senior-data-engineer-berlin-362738
Data Engineer,Almedia,Berlin,Mid/Junior,,https://www.arbeitnow.com/jobs/companies/almedia/data-engineer-berlin-389443
Data Engineer (m/w/d),Angeheuert GmbH,Berlin,Mid/Junior,,https://www.arbeitnow.com/jobs/companies/angeheuert-gmbh-personalberatung/data-engineer-berlin-32772
Data Platform Engineer (m/w/d),Angeheuert GmbH,Berlin,Mid/Junior,,https://www.arbeitnow.com/jobs/companies/angeheuert-gmbh/data-platform-engineer-berlin-273541
Senior Data Engineer (m/w/d),Angeheuert GmbH,Berlin,Senior,,https://www.arbeitnow.com/jobs/companies/angeheuert-gmbh/senior-data-engineer-berlin-296119
Data Engineer,Atolls,Berlin,Mid/Junior,,https://www.arbeitnow.com/jobs/companies/atolls/data-engineer-berlin-466297
Senior Data & Python Software Engineer,Ceartas,Berlin,Senior,,https://www.arbeitnow.com/jobs/companies/ceartas/senior-data-python-software-engineer-berlin-87350
Senior Data Platform Engineer,Choco,Berlin,Senior,,https://www.arbeitnow.com/jobs/companies/choco/senior-data-platform-engineer-berlin-111883
Data Engineer (f/m/d),Climate,Berlin,Mid/Junior,,https://www.arbeitnow.com/jobs/companies/climate/data-engineer-berlin-hq-316909
Senior Data Engineer (Databricks) (m/w/d),Collaboration Betters The World GmbH,Berlin,Senior,,https://www.arbeitnow.com/jobs/companies/collaboration-betters-the-world-gmbh/senior-data-engineer-databricks-berlin-352892
"Software Engineer, Data",Engelhart,Berlin,Mid/Junior,,https://www.arbeitnow.com/jobs/companies/engelhart/software-engineer-data-berlin-291596
Senior Data Engineer (f/m/d) metrify,Enpal,Berlin,Senior,,https://www.arbeitnow.com/jobs/companies/enpal/senior-data-engineer-metrify-berlin-61854
Staff Data Engineer (f/m/d) metrify,Enpal,Berlin,Staff/Principal,,https://www.arbeitnow.com/jobs/companies/enpal/staff-data-engineer-metrify-berlin-347291
Data Platform Engineer (m/f/d),Flix,Berlin,Mid/Junior,,https://www.arbeitnow.com/jobs/companies/flix/data-platform-engineer-berlin-59805
Senior Data Engineer,GLS/NXT,Berlin,Senior,,https://www.arbeitnow.com/jobs/companies/glsnxt/senior-data-engineer-berlin-391080
(Senior) Data Engineer (m/w/d),Galvany,Berlin,Senior,,https://www.arbeitnow.com/jobs/companies/galvany/senior-data-engineer-berlin-262882
Data Engineer (all genders),Gropyus,Berlin,Mid/Junior,,https://www.arbeitnow.com/jobs/companies/gropyus/data-engineer-all-genders-berlin-berlin-461780
Senior Data Engineer (f/m/d),Gropyus,Berlin,Senior,,https://www.arbeitnow.com/jobs/companies/gropyus/senior-data-engineer-berlin-347344
Lead Engineer (m/f/d) Data Infrastructure,MOTOR Ai,Berlin,Lead,,https://www.arbeitnow.com/jobs/companies/motor-ai/lead-engineer-data-infrastructure-berlin-249418
Data Engineer (f/m/d),Moonfare,Berlin,Mid/Junior,,https://www.arbeitnow.com/jobs/companies/moonfare/data-engineer-berlin-38343
Data Scientist / Data Engineer,Nucs AI,Berlin,Mid/Junior,,https://www.arbeitnow.com/jobs/companies/nucs-ai/data-scientist-data-engineer-berlin-12132
Data Engineer (m/w/d) – Fokus Messdatenmanagement & Ownership,Octopus Energy,Berlin,Mid/Junior,,https://www.arbeitnow.com/jobs/companies/octopus-energy-group/data-engineer-fokus-messdatenmanagement-ownership-berlin-de-197367
Data Engineer,Pergolux,Berlin,Mid/Junior,,https://www.arbeitnow.com/jobs/companies/pergolux/data-engineer-berlin-36164
"Senior Data Engineer, Constellation Services",Planet Labs,Berlin,Senior,,https://www.arbeitnow.com/jobs/companies/planetlabs/senior-data-engineer-constellation-services-berlin-275061
Working Student Data Engineer (m/f/d),Raisin,Berlin,Working Student,,https://www.arbeitnow.com/jobs/companies/raisin/working-student-data-engineer-berlin-berlin-303757
Senior Data Platform Engineer,Smartly,Berlin,Senior,,https://www.arbeitnow.com/jobs/companies/smartly/senior-data-platform-engineer-berlin-172988
"Software Engineer, Data Infrastructure & Acquisition - Berlin, Germany",Speechify,Berlin,Mid/Junior,,https://www.arbeitnow.com/jobs/companies/speechify/software-engineer-data-infrastructure-acquisition-berlin-germany-374168
"Staff Engineer, Data & Analytics",Staffbase,Berlin,Staff/Principal,,https://www.arbeitnow.com/jobs/companies/staffbase/staff-engineer-data-analytics-berlin-brandenburg-181077
Data Engineer,SumUp,Berlin,Mid/Junior,,https://www.arbeitnow.com/jobs/companies/sumup/data-engineer-berlin-319528
Senior Data Scientist/ML Engineer - Financial Crime,SumUp,Berlin,Senior,,https://www.arbeitnow.com/jobs/companies/sumup/senior-data-scientist-ml-engineer-financial-crime-berlin-185839
Senior Machine Learning Engineer I,SumUp,Berlin,Senior,,https://www.arbeitnow.com/jobs/companies/sumup/senior-machine-learning-engineer-i-berlin-296351
Data Engineer,Superhuman,Berlin,Mid/Junior,,https://www.arbeitnow.com/jobs/companies/superhuman/data-engineer-berlin-89243
Data Engineer,Superhuman Platform Inc,Berlin,Mid/Junior,,https://www.arbeitnow.com/jobs/companies/superhuman/data-engineer-berlin-279973
Data Engineer / Data Scientist (m/f/x),Targomo Casafari GmbH,Berlin,Mid/Junior,,https://www.arbeitnow.com/jobs/companies/targomo-casafari-gmbh/data-engineer-data-scientist-berlin-22129
(Senior) Data Engineer - Data Platform (m/f/d),Unzer,Berlin,Senior,,https://www.arbeitnow.com/jobs/companies/unzer/senior-data-engineer-data-platform-berlin-154140
"Analytics Engineer, Payments Intelligence",Vinteden,Berlin,Mid/Junior,,https://www.arbeitnow.com/jobs/companies/vinteden/analytics-engineer-payments-intelligence-berlin-224168
Staff Engineer - Data Platform (m|w|d),idealo internet GmbH,Berlin,Staff/Principal,,https://www.arbeitnow.com/jobs/companies/idealo-internet-gmbh/staff-engineer-data-platform-mwd-berlin-380934
Senior Data Engineer,trawa,Berlin,Senior,,https://www.arbeitnow.com/jobs/companies/trawa/senior-data-engineer-berlin-179460
Principal Data Engineer (m/w/d),Alexander Thamm GmbH,Munich,Staff/Principal,,https://www.arbeitnow.com/jobs/companies/alexander-thamm-gmbh/principal-data-engineer-munchen-77292
Senior Data Engineer (m/w/d),Alexander Thamm GmbH,Munich,Senior,,https://www.arbeitnow.com/jobs/companies/alexander-thamm-gmbh/senior-data-engineer-munchen-361544
Senior Data Scientist (m/w/d) - Chemical Engineering & Verfahrenstechnik,Alexander Thamm GmbH,Munich,Senior,,https://www.arbeitnow.com/jobs/companies/alexander-thamm-gmbh/senior-data-scientist-chemical-engineering-verfahrenstechnik-hybrid-munchen-53405
Senior Data Visualization Engineer - Microsoft Fabric (m/w/d),Alexander Thamm GmbH,Munich,Senior,,https://www.arbeitnow.com/jobs/companies/alexander-thamm-gmbh/senior-data-visualization-engineer-microsoft-fabric-hybrid-munchen-273332
Data Engineer,Atolls,Munich,Mid/Junior,,https://www.arbeitnow.com/jobs/companies/atolls/data-engineer-munich-309780
Senior Software Engineer – Data Ingestion & Extraction (m/f/d),Certivity,Munich,Senior,,https://www.arbeitnow.com/jobs/companies/certivity/senior-software-engineer-data-ingestion-extraction-munchen-hq-218511
Senior Data Engineer (m/w/d) – Snowflake,Jobrad Loop,Munich,Senior,,https://www.arbeitnow.com/jobs/companies/jobrad-loop/senior-data-engineer-snowflake-munchen-10090
DATA ENGINEER (f/m/d),Omnisent,Munich,Mid/Junior,,https://www.arbeitnow.com/jobs/companies/omnisent/data-engineer-munich-208534
Data Platform Engineer Working Student (m/w/d),Trusteq GmbH,Munich,Working Student,,https://www.arbeitnow.com/jobs/companies/trusteq-gmbh/data-platform-engineer-working-student-munchen-230477
Data Engineer (m/w/d) - Azure Cloud & MS Fabric,Doehle,Hamburg,Mid/Junior,,https://www.arbeitnow.com/jobs/companies/doehle/data-engineer-azure-cloud-ms-fabric-hamburg-82581
"Software Engineer, Data Infrastructure & Acquisition - Hamburg, Germany",Speechify,Hamburg,Mid/Junior,,https://www.arbeitnow.com/jobs/companies/speechify/software-engineer-data-infrastructure-acquisition-hamburg-germany-252312
Senior Data Engineer (f/m/d),ZEAL Network,Hamburg,Senior,,https://www.arbeitnow.com/jobs/companies/zeal-network/senior-data-engineer-hamburg-360638
Senior Data Engineer (f/m/d),adjoe,Hamburg,Senior,,https://www.arbeitnow.com/jobs/companies/adjoe/senior-data-engineer-hamburg-78506
Data Analyst (all genders),muvn,Hamburg,Mid/Junior,,https://www.arbeitnow.com/jobs/companies/muvn/data-analyst-all-genders-hamburg-222708
"Senior Software Engineer, Data",Circonomit,Cologne,Senior,,https://www.arbeitnow.com/jobs/companies/circonomit/senior-software-engineer-data-cologne-27546
Software Engineer - Data (All Genders),PREMATCH Sports GmbH,Cologne,Mid/Junior,,https://www.arbeitnow.com/jobs/companies/prematch-sports-gmbh/software-engineer-data-all-genders-koln-358585
"Software Engineer, Data Infrastructure & Acquisition - Cologne, Germany",Speechify,Cologne,Mid/Junior,,https://www.arbeitnow.com/jobs/companies/speechify/software-engineer-data-infrastructure-acquisition-cologne-germany-114349
Principal Data Engineer (m/f/d),Thoughtworks,Cologne,Staff/Principal,,https://www.arbeitnow.com/jobs/companies/thoughtworks/principal-data-engineer-cologne-440133
Data Engineer Working Student (m/w/d),Trusteq GmbH,Cologne,Working Student,,https://www.arbeitnow.com/jobs/companies/trusteq-gmbh/data-engineer-working-student-koln-358872
Data Engineer (m/f/d),DISH Digital Solutions GmbH,Dusseldorf,Mid/Junior,,https://www.arbeitnow.com/jobs/companies/dishdigital/data-engineer-dusseldorf-363424
Senior Data Engineer (m/f/d),DISH Digital Solutions GmbH,Dusseldorf,Senior,,https://www.arbeitnow.com/jobs/companies/dishdigital/senior-data-engineer-dusseldorf-259265
Data Engineer - AI Pipelines & DataOps,Intersnack IT KG,Dusseldorf,Mid/Junior,,https://www.arbeitnow.com/jobs/companies/intersnack-it-kg/data-engineer-ai-pipelines-dataops-dusseldorf-452480
Data Engineer - AFRICOM,Agile Defense,Stuttgart,Mid/Junior,,https://www.arbeitnow.com/jobs/companies/agile-defense/data-engineer-africom-stuttgart-germany-50591
Data Engineer (Professional) (Databricks) (m/w/d),Collaboration Betters The World GmbH,Stuttgart,Mid/Junior,,https://www.arbeitnow.com/jobs/companies/collaboration-betters-the-world-gmbh/data-engineer-professional-databricks-stuttgart-296815
Junior Data Engineer (Databricks) (m/w/d),Collaboration Betters The World GmbH,Stuttgart,Junior,,https://www.arbeitnow.com/jobs/companies/collaboration-betters-the-world-gmbh/junior-data-engineer-databricks-stuttgart-267806
Senior Data Engineer (Databricks) (m/w/d),Collaboration Betters The World GmbH,Stuttgart,Senior,,https://www.arbeitnow.com/jobs/companies/collaboration-betters-the-world-gmbh/senior-data-engineer-databricks-stuttgart-156226
Data Analyst / Analytics Engineer (m/w/d),AccountOne GmbH,Flensburg,Mid/Junior,,https://www.arbeitnow.com/jobs/companies/accountone-gmbh/data-analyst-analytics-engineer-flensburg-194471
AI & Data Science Engineer (m/w/d),CIGUS GmbH,Oberkochen,Mid/Junior,,https://www.arbeitnow.com/jobs/companies/cigus-gmbh/ai-data-science-engineer-oberkochen-124893
Senior Cloud Data Infrastructure Engineer,ClickHouse,Germany (Remote),Senior,Yes,https://www.arbeitnow.com/jobs/companies/clickhouse/senior-cloud-data-infrastructure-engineer-34130
Senior Software Engineer - Python and Data Ecosystem,ClickHouse,Germany (Remote),Senior,Yes,https://www.arbeitnow.com/jobs/companies/clickhouse/senior-software-engineer-python-and-data-ecosystem-496014
Data Engineering Leader,Cognite,Germany,Lead,,https://www.arbeitnow.com/jobs/companies/cognite/data-engineering-leader-319108
Principal Software Engineer - Data Lakes,Fivetran,Germany (Remote),Staff/Principal,Yes,https://www.arbeitnow.com/jobs/companies/fivetran/remote-principal-software-engineer-data-lakes-398416
Senior Data Engineer - Databricks,Intetics,Germany (Remote),Senior,Yes,https://www.arbeitnow.com/jobs/companies/intetics-2/remote-senior-data-engineer-databricks-germany-237374
Mid Data Engineer,Jimdo,Germany (Remote),Mid,Yes,https://www.arbeitnow.com/jobs/companies/jimdo/mid-data-engineer-germany-293463
Senior Data Engineer (m/w/x),K-Tronik GmbH,Dresden,Senior,,https://www.arbeitnow.com/jobs/companies/k-tronik-gmbh/senior-data-engineer-dresden-162970
Senior Data Platform Engineer (all genders) - Data Lake Platform,MOIA,Berlin / Hamburg,Senior,,https://www.arbeitnow.com/jobs/companies/moia/senior-data-platform-engineer-all-genders-data-lake-platform-berlin-hamburg-58977
Senior/Lead Software Data Engineer (Roads Team),Mapbox,Germany,Lead,,https://www.arbeitnow.com/jobs/companies/mapbox/senior-lead-software-data-engineer-roads-team-mapbox-germany-359607
AI & Data Engineer (m/w/d),PeakSoft GmbH,Wuppertal,Mid/Junior,,https://www.arbeitnow.com/jobs/companies/peaksoft-gmbh/ai-data-engineer-wuppertal-419595
Data Engineer (m/w/d),Rewire,Heidelberg,Mid/Junior,,https://www.arbeitnow.com/jobs/companies/rewire/data-engineer-heidelberg-51709
AI-First Data Engineer (m/f/d),Sport Alliance GmbH,Germany (Remote),Mid/Junior,Yes,https://www.arbeitnow.com/jobs/companies/sport-alliance-gmbh/remote-ai-first-data-engineer-364870
"Staff Engineer, Data & Analytics",Staffbase,Chemnitz,Staff/Principal,,https://www.arbeitnow.com/jobs/companies/staffbase/staff-engineer-data-analytics-chemnitz-sachsen-115754
"Staff Engineer, Data & Analytics",Staffbase,Dresden,Staff/Principal,,https://www.arbeitnow.com/jobs/companies/staffbase/staff-engineer-data-analytics-dresden-sachsen-18817
(Junior) Data Engineer (m/w/d),Stahlwerk Annahütte,Ainring,Junior,,https://www.arbeitnow.com/jobs/companies/stahlwerk-annahutte-max-aicher-gmbh-co-kg/junior-data-engineer-ainring-376653
Data Engineer (m/f/d),Statista,Hamburg or Berlin,Mid/Junior,,https://www.arbeitnow.com/jobs/companies/statista/data-engineer-hamburg-or-berlin-92068
Data Engineer,Wayve,Germany,Mid/Junior,,https://www.arbeitnow.com/jobs/companies/wayve/data-engineer-352712
Data-Plattform Engineer (Fabric / Databricks) (m/w/d),ailio GmbH,Bielefeld,Mid/Junior,,https://www.arbeitnow.com/jobs/companies/ailio-gmbh/data-plattform-engineer-fabric-databricks-bielefeld-273667
Senior Data Engineer (m/w/d),celebrate company GmbH,Gilching (Remote),Senior,Yes,https://www.arbeitnow.com/jobs/companies/celebrate-company-gmbh/remote-senior-data-engineer-gilching-244485
"Materials Data Engineer (AI for Science, Knowledge Graphs) - Developer (m/f/d)",datin GmbH,Karlsruhe,Mid/Junior,,https://www.arbeitnow.com/jobs/companies/datin-gmbh/agentic-ai-for-science-developer-karlsruhe-81355
Data Platform Engineer (m/w/d),hubside die recruitingwerkstatt,Landsberg am Lech,Mid/Junior,,https://www.arbeitnow.com/jobs/companies/hubside-die-recruitingwerkstatt/data-platform-engineer-landsberg-am-lech-125930
