数据类别,数据项,数值/内容,单位,年份,数据来源,更新时间,备注
薪资数据,德国平均年薪,53000,欧元,2026,网络搜索,2026-06-01,较2025年增长4.5%
薪资数据,德国薪资中位数,45800,欧元,2025,StepStone报告,2026-06-01,税前薪资
薪资数据,德国薪资平均值,52300,欧元,2025,StepStone报告,2026-06-01,税前薪资
薪资数据,法兰克福平均年薪,49759,欧元,2026,薪酬报告,2026-06-01,
薪资数据,法兰克福最低工资,25932,欧元,2026,薪酬报告,2026-06-01,
薪资数据,柏林平均月薪,5500,欧元,2026,网络搜索,2026-06-01,东部经济中心
薪资数据,慕尼黑平均月薪,6000,欧元,2026,网络搜索,2026-06-01,科技与制造业发达
薪资数据,法兰克福平均月薪,5800,欧元,2026,网络搜索,2026-06-01,金融中心
薪资数据,数据工程师年薪范围,60000-90000,欧元,2025-2026,网络搜索,2026-06-01,根据经验和城市不同
薪资数据,斯图加特工程师平均年薪,80000,欧元,历史数据,海外网,2026-06-01,工程师薪资最高城市
签证政策,机会卡积分最低要求,6,分,2024-2026,官方政策,2026-06-01,积分制找工作签证
签证政策,机会卡有效期,1,年,2024-2026,官方政策,2026-06-01,可续签至2年
签证政策,机会卡语言要求-雅思,6.0,分,2024-2026,新东方,2026-06-01,英语要求
签证政策,蓝卡标准职业最低年薪,50700,欧元,2026,德国联邦内政部,2026-06-01,2026年1月1日起生效
签证政策,蓝卡紧缺职业最低年薪,45934.20,欧元,2026,德国联邦内政部,2026-06-01,IT属于紧缺职业
签证政策,蓝卡工作合同要求,6,月,2026,官方政策,2026-06-01,至少6个月合同
签证政策,IT专家无学历申请条件,3,年经验,2026,官方政策,2026-06-01,过去7年内至少3年IT经验
市场需求,德国IT人才缺口,130000,人,2025-2026,网易新闻,2026-06-01,IT从业缺口13万+
市场需求,AWS德国投资金额,78,亿欧元,2025-2040,搜狐网,2026-06-01,持续至2040年
市场需求,AWS德国创造岗位,2800,个/年,2025,搜狐网,2026-06-01,直接和间接岗位
技能需求,核心技能-Python,必需,技能,2026,BOSS直聘,2026-06-01,精通Python
技能需求,核心技能-PySpark,必需,技能,2026,BOSS直聘,2026-06-01,精通PySpark
技能需求,核心技能-SQL,必需,技能,2026,BOSS直聘,2026-06-01,精通SQL
技能需求,核心技能-AWS生态,必需,技能,2026,BOSS直聘,2026-06-01,S3/Glue/Athena等
技能需求,核心技能-Apache Airflow,熟悉,技能,2026,BOSS直聘,2026-06-01,熟悉Airflow
技能需求,核心技能-Apache Iceberg,熟悉,技能,2026,BOSS直聘,2026-06-01,熟悉Iceberg
技能需求,工具-Hadoop,熟练,工具,2026,高考网,2026-06-01,熟练使用Hadoop
技能需求,工具-Spark,熟练,工具,2026,高考网,2026-06-01,熟练使用Spark
技能需求,云平台-AWS,掌握,平台,2026,高考网,2026-06-01,掌握AWS
技能需求,云平台-阿里云,了解,平台,2026,高考网,2026-06-01,了解阿里云
行业趋势,企业数据量年增长率,40,%,2026,高考网,2026-06-01,数据量年均增长40%
城市对比,柏林-特点,东部经济中心,描述,2026,网络搜索,2026-06-01,薪资高于多数东部城市
城市对比,慕尼黑-特点,科技与制造业发达,描述,2026,网络搜索,2026-06-01,薪资较高
城市对比,法兰克福-特点,金融中心,描述,2026,网络搜索,2026-06-01,薪资偏高
城市对比,斯图加特-特点,工程师薪资最高,描述,2026,海外网,2026-06-01,平均年薪8万欧元
机会卡评分,学历-博士,4,分,2024-2026,官方政策,2026-06-01,最高4分
机会卡评分,学历-硕士,3,分,2024-2026,官方政策,2026-06-01,
机会卡评分,学历-本科,2,分,2024-2026,官方政策,2026-06-01,
机会卡评分,德语-C1,3,分,2024-2026,官方政策,2026-06-01,最高3分
机会卡评分,德语-B2,2,分,2024-2026,官方政策,2026-06-01,
机会卡评分,德语-B1,1,分,2024-2026,官方政策,2026-06-01,
机会卡评分,工作经验-5年以上,3,分,2024-2026,官方政策,2026-06-01,最高3分
机会卡评分,工作经验-3-5年,2,分,2024-2026,官方政策,2026-06-01,
机会卡评分,工作经验-1-3年,1,分,2024-2026,官方政策,2026-06-01,
机会卡评分,年龄-35岁以下,2,分,2024-2026,官方政策,2026-06-01,最高2分
机会卡评分,年龄-35-40岁,1,分,2024-2026,官方政策,2026-06-01,
机会卡评分,STEM领域,3,分,2024-2026,官方政策,2026-06-01,IT属于STEM
